[
    {
        "id": 4,
        "numChasis": "12345671",
        "marca": "Renault",
        "modelo": "Megane",
        "color": "negro",
        "potencia": "120",
        "fechaFabricacion": "2025-04-15"
    },
    {
        "id": 5,
        "numChasis": "12345618",
        "marca": "Renault ",
        "modelo": "Clio",
        "color": "gris",
        "potencia": "100",
        "fechaFabricacion": "2025-04-15"
    },
    {
        "id": 6,
        "numChasis": "32145687",
        "marca": "BMW",
        "modelo": "X5",
        "color": "Negro",
        "potencia": "150",
        "fechaFabricacion": "2025-04-15"
    },
    {
        "id": 7,
        "numChasis": "12345678",
        "marca": "Renault",
        "modelo": "Clio",
        "color": "amarillo",
        "potencia": "51",
        "fechaFabricacion": "2025-04-14"
    },
    {
        "id": 8,
        "numChasis": "12345678",
        "marca": "BMW",
        "modelo": "X5",
        "color": "blanco",
        "potencia": "160",
        "fechaFabricacion": "2025-04-11"
    },
    {
        "id": 9,
        "numChasis": "12345777",
        "marca": "BMW",
        "modelo": "X5",
        "color": "gris",
        "potencia": "170",
        "fechaFabricacion": "2025-04-01"
    }
]